RPM,AF,EGT,IP,EP,label,zone
1762.2,8.9034,331.0773,1.2821,1.1616,HEALTHY,NONE
2165.5,15.0,357.8595,1.6895,1.596,HEALTHY,NONE
2012.4,13.0047,343.0962,1.5123,1.4155,HEALTHY,NONE
1919.1,11.5208,349.7533,1.4141,1.3115,HEALTHY,NONE
1609.2,6.472,330.8729,1.0888,1.0079,HEALTHY,NONE
1609.2,6.5498,323.1721,1.0915,0.9875,HEALTHY,NONE
1540.7,5.3977,325.4869,1.0087,0.9305,HEALTHY,NONE
2106.3,14.5448,351.5554,1.6124,1.5206,HEALTHY,NONE
1920.8,11.4466,347.6349,1.4277,1.3405,HEALTHY,NONE
1995.7,12.4261,356.4848,1.5218,1.4442,HEALTHY,NONE
1514.4,4.91,316.3446,1.0075,0.9074,HEALTHY,NONE
2178.9,15.0,359.522,1.706,1.6089,HEALTHY,NONE
2082.7,14.1324,353.3348,1.6044,1.5178,HEALTHY,NONE
1648.6,6.8379,335.7886,1.1228,1.0366,HEALTHY,NONE
1627.3,6.5197,332.4299,1.1176,1.0183,HEALTHY,NONE
1628.4,6.8579,327.6593,1.1024,1.0129,HEALTHY,NONE
1713.0,8.0702,334.0532,1.2227,1.1079,HEALTHY,NONE
1867.3,10.6897,339.3863,1.3431,1.2831,HEALTHY,NONE
1802.4,9.5347,345.4981,1.3011,1.1884,HEALTHY,NONE
1703.9,7.9324,335.2996,1.2074,1.081,HEALTHY,NONE
1928.3,11.7202,355.9208,1.4487,1.3172,HEALTHY,NONE
1597.6,6.1224,329.579,1.1399,0.954,HEALTHY,NONE
1704.5,7.9527,331.683,1.209,1.0777,HEALTHY,NONE
1756.5,8.7142,330.2541,1.2384,1.1616,HEALTHY,NONE
1819.2,9.7401,331.9468,1.3247,1.2088,HEALTHY,NONE
2049.6,13.507,344.5605,1.5412,1.487,HEALTHY,NONE
1639.8,6.9185,333.3242,1.1301,1.0324,HEALTHY,NONE
1860.0,10.3959,345.5418,1.3542,1.2314,HEALTHY,NONE
1914.7,11.5464,337.8286,1.4485,1.3433,HEALTHY,NONE
1532.5,5.0059,331.101,1.0043,0.9315,HEALTHY,NONE
1925.3,11.5023,343.8488,1.4394,1.3219,HEALTHY,NONE
1619.4,6.4872,331.7023,1.0969,1.018,HEALTHY,NONE
1545.5,5.569,335.3379,1.0642,0.9123,HEALTHY,NONE
2164.2,15.0,362.6952,1.6947,1.6031,HEALTHY,NONE
2175.9,15.0,357.4545,1.7505,1.5886,HEALTHY,NONE
2065.9,13.595,348.8379,1.6107,1.4585,HEALTHY,NONE
1713.2,8.1204,324.9024,1.2211,1.1039,HEALTHY,NONE
1568.4,5.8569,324.8228,1.0616,0.9518,HEALTHY,NONE
1979.0,12.4161,347.8925,1.5079,1.3921,HEALTHY,NONE
1808.1,9.7838,335.4694,1.276,1.1908,HEALTHY,NONE
1585.4,5.9234,328.6151,1.0672,0.9648,HEALTHY,NONE
1846.6,10.462,342.7155,1.3732,1.2617,HEALTHY,NONE
1524.1,5.3476,325.0793,1.0052,0.9052,HEALTHY,NONE
2136.5,14.9128,353.5762,1.643,1.5747,HEALTHY,NONE
1681.1,7.4915,334.9006,1.1756,1.0633,HEALTHY,NONE
1963.8,12.3745,350.398,1.5176,1.407,HEALTHY,NONE
1718.2,8.3981,330.4579,1.2418,1.0934,HEALTHY,NONE
1864.0,10.4557,350.257,1.374,1.285,HEALTHY,NONE
1882.7,10.7745,343.6419,1.4145,1.3191,HEALTHY,NONE
1629.4,6.6741,331.5642,1.1132,1.0301,HEALTHY,NONE
2178.7,15.0,362.4765,1.6828,1.6128,HEALTHY,NONE
2042.6,13.3012,353.2957,1.5506,1.4585,HEALTHY,NONE
2157.6,15.0,362.6481,1.7253,1.6147,HEALTHY,NONE
2126.4,14.687,357.7546,1.6546,1.5316,HEALTHY,NONE
1918.5,11.4153,342.8643,1.4295,1.315,HEALTHY,NONE
2145.3,15.0,359.0731,1.6746,1.5727,HEALTHY,NONE
1561.9,5.8515,322.3786,1.0853,0.972,HEALTHY,NONE
1637.2,6.6934,332.4022,1.1615,1.0365,HEALTHY,NONE
1531.7,5.2738,326.4168,1.0587,0.895,HEALTHY,NONE
1727.7,8.2842,335.346,1.2241,1.121,HEALTHY,NONE
1772.1,9.0303,337.961,1.2813,1.1631,HEALTHY,NONE
1689.9,7.8027,325.088,1.1559,1.072,HEALTHY,NONE
2080.1,13.8811,351.2622,1.6394,1.5294,HEALTHY,NONE
1749.7,8.7315,337.9506,1.2278,1.1237,HEALTHY,NONE
1696.7,7.8356,335.632,1.1978,1.1257,HEALTHY,NONE
1879.9,10.8657,338.856,1.3705,1.309,HEALTHY,NONE
1598.6,6.2595,336.2609,1.0753,1.0089,HEALTHY,NONE
2061.5,14.1155,348.746,1.5729,1.4804,HEALTHY,NONE
1552.2,5.3645,332.4566,1.0245,0.9337,HEALTHY,NONE
2190.8,15.0,361.677,1.7193,1.6014,HEALTHY,NONE
2040.6,13.3126,348.7974,1.5559,1.4564,HEALTHY,NONE
1639.1,6.7909,340.8316,1.1477,1.0409,HEALTHY,NONE
1503.9,4.5784,319.2251,0.9621,0.9101,HEALTHY,NONE
2070.8,14.0767,358.1369,1.6042,1.4776,HEALTHY,NONE
1994.8,12.8745,354.7429,1.5416,1.4099,HEALTHY,NONE
2010.3,12.8281,347.1621,1.5238,1.431,HEALTHY,NONE
2039.9,13.2702,358.9568,1.5518,1.4382,HEALTHY,NONE
1551.8,5.5251,326.3413,1.0317,0.9481,HEALTHY,NONE
1750.9,8.6108,338.9898,1.276,1.138,HEALTHY,NONE
1581.1,6.0257,330.357,1.0719,0.9642,HEALTHY,NONE
2104.2,14.4713,354.5371,1.6253,1.5269,HEALTHY,NONE
1936.3,11.4824,350.8695,1.4634,1.3379,HEALTHY,NONE
1731.6,8.6118,340.5489,1.2094,1.1313,HEALTHY,NONE
1544.5,5.6044,318.4819,1.0419,0.924,HEALTHY,NONE
1717.7,8.0609,342.4061,1.2245,1.1089,HEALTHY,NONE
1727.6,8.2564,328.069,1.221,1.1126,HEALTHY,NONE
2010.7,12.9634,355.6989,1.5177,1.4409,HEALTHY,NONE
1946.3,11.9224,352.948,1.4468,1.3976,HEALTHY,NONE
2121.0,14.8143,350.5976,1.665,1.5571,HEALTHY,NONE
1830.6,10.2906,339.4735,1.3635,1.2588,HEALTHY,NONE
1583.7,5.9466,323.6573,1.0581,0.9431,HEALTHY,NONE
1999.3,12.6144,348.889,1.5312,1.4252,HEALTHY,NONE
2032.5,13.0687,350.0873,1.5165,1.4362,HEALTHY,NONE
1892.9,10.8938,348.543,1.3949,1.277,HEALTHY,NONE
2039.7,13.3866,358.5354,1.5653,1.4511,HEALTHY,NONE
1845.7,10.5041,349.2613,1.3371,1.2791,HEALTHY,NONE
1865.9,10.4868,340.4848,1.3585,1.2963,HEALTHY,NONE
1799.3,9.5139,338.9178,1.2916,1.2098,HEALTHY,NONE
1517.8,4.8981,317.4725,1.0052,0.8687,HEALTHY,NONE
1575.5,6.0181,324.7468,1.0583,0.9581,HEALTHY,NONE
1522.0,5.3481,330.9243,0.9591,0.9099,HEALTHY,NONE
1945.5,11.7795,355.3523,1.4213,1.3672,HEALTHY,NONE
1720.0,8.1179,329.8307,1.2068,1.082,HEALTHY,NONE
1856.0,10.5598,339.8377,1.3757,1.2487,HEALTHY,NONE
2135.3,15.0,356.6328,1.6148,1.5685,HEALTHY,NONE
1674.5,7.7273,335.126,1.1595,1.0802,HEALTHY,NONE
1787.3,9.3725,335.3154,1.2814,1.148,HEALTHY,NONE
2028.9,13.1621,353.5646,1.582,1.451,HEALTHY,NONE
1660.2,7.3055,330.6387,1.1462,1.0567,HEALTHY,NONE
1553.9,5.6541,327.622,1.0462,0.9555,HEALTHY,NONE
1702.8,8.0341,337.8727,1.203,1.1141,HEALTHY,NONE
1612.9,6.5233,330.6749,1.0599,1.0142,HEALTHY,NONE
2150.8,15.0,355.3575,1.7019,1.5706,HEALTHY,NONE
2065.7,13.9901,352.7362,1.5985,1.456,HEALTHY,NONE
1943.4,12.0322,346.7273,1.4716,1.3535,HEALTHY,NONE
2110.0,14.6334,353.6511,1.7208,1.5623,HEALTHY,NONE
2062.6,13.739,351.8345,1.5491,1.5187,HEALTHY,NONE
1630.6,6.7579,339.5232,1.1563,1.036,HEALTHY,NONE
2124.8,14.9573,359.0442,1.6526,1.5669,HEALTHY,NONE
1877.5,10.6311,342.3996,1.3956,1.2975,HEALTHY,NONE
2065.2,13.8623,356.7452,1.5927,1.4825,HEALTHY,NONE
2127.3,14.7576,354.6941,1.6525,1.5584,HEALTHY,NONE
1722.6,8.2371,341.9957,1.2103,1.1551,HEALTHY,NONE
1577.0,6.0562,330.7,1.0702,0.9448,HEALTHY,NONE
1659.6,7.2357,332.4412,1.1229,1.0855,HEALTHY,NONE
1799.0,9.4824,342.1874,1.3196,1.1982,HEALTHY,NONE
2072.6,13.7234,345.7761,1.5934,1.5282,HEALTHY,NONE
2102.5,14.5258,349.4917,1.6116,1.506,HEALTHY,NONE
1504.9,4.7871,319.2737,0.9763,0.897,HEALTHY,NONE
1857.5,10.7524,343.5909,1.3933,1.2534,HEALTHY,NONE
1792.2,9.3188,348.272,1.2865,1.1689,HEALTHY,NONE
1655.5,7.1735,343.9303,1.156,1.0532,HEALTHY,NONE
1583.9,6.0137,332.3855,1.0565,0.9913,HEALTHY,NONE
1736.3,8.6928,339.3208,1.2517,1.1197,HEALTHY,NONE
2160.0,15.0,348.9966,1.7103,1.5666,HEALTHY,NONE
1726.2,8.3339,333.5987,1.2626,1.1238,HEALTHY,NONE
1863.2,10.6107,339.2188,1.3708,1.2725,HEALTHY,NONE
1992.1,12.6457,346.5014,1.5277,1.4253,HEALTHY,NONE
1754.5,8.6855,336.8863,1.2583,1.1754,HEALTHY,NONE
2180.2,15.0,356.6519,1.7445,1.6174,HEALTHY,NONE
2173.7,15.0,348.7892,1.6971,1.6486,HEALTHY,NONE
1676.2,7.3247,337.5519,1.1863,1.0758,HEALTHY,NONE
1848.1,10.2942,337.04,1.354,1.251,HEALTHY,NONE
1710.6,7.9328,336.727,1.2074,1.0764,HEALTHY,NONE
1699.4,8.0344,345.3398,1.1983,1.0912,HEALTHY,NONE
1525.8,4.8027,321.6941,1.0131,0.9013,HEALTHY,NONE
1926.7,11.4695,333.6833,1.4409,1.3625,HEALTHY,NONE
1851.9,10.3926,341.1637,1.3663,1.2713,HEALTHY,NONE
1536.0,5.4322,332.3066,1.0507,0.8955,HEALTHY,NONE
1695.1,7.7747,344.5444,1.2115,1.0952,HEALTHY,NONE
2135.8,14.872,350.6416,1.6877,1.5837,HEALTHY,NONE
1667.7,7.6216,335.8682,1.153,1.0926,HEALTHY,NONE
1601.4,6.0441,327.7448,1.0723,1.0079,HEALTHY,NONE
1842.6,9.8556,341.6011,1.3711,1.2672,HEALTHY,NONE
2190.0,15.0,372.7195,1.7466,1.6303,HEALTHY,NONE
1669.4,7.2925,325.9571,1.1934,1.0717,HEALTHY,NONE
1970.5,12.1128,349.7934,1.4787,1.4158,HEALTHY,NONE
2033.1,13.3914,353.9952,1.5542,1.4322,HEALTHY,NONE
1666.3,7.3541,338.7462,1.1278,1.0536,HEALTHY,NONE
2009.8,12.8201,350.9775,1.5256,1.418,HEALTHY,NONE
1757.4,8.6077,339.4127,1.2794,1.1671,HEALTHY,NONE
1942.6,11.9432,345.1725,1.4512,1.3852,HEALTHY,NONE
1943.5,11.9238,348.5192,1.4743,1.3495,HEALTHY,NONE
1875.0,10.6981,342.0362,1.3834,1.2394,HEALTHY,NONE
1563.2,5.9164,331.268,1.0551,0.9404,HEALTHY,NONE
2084.7,13.9638,352.3875,1.5919,1.5331,HEALTHY,NONE
1724.5,8.0356,338.1128,1.2255,1.1345,HEALTHY,NONE
1630.6,6.6316,331.3818,1.0619,1.0303,HEALTHY,NONE
1528.5,5.0687,332.0574,1.0073,0.9054,HEALTHY,NONE
1913.6,11.3772,345.4243,1.3965,1.3035,HEALTHY,NONE
1974.3,12.2916,339.8496,1.5191,1.4053,HEALTHY,NONE
1511.6,4.8528,331.8902,1.0082,0.8759,HEALTHY,NONE
1858.5,10.2556,338.3946,1.3785,1.3129,HEALTHY,NONE
1658.5,7.4072,329.6585,1.1826,1.0635,HEALTHY,NONE
1951.6,11.9466,344.6027,1.4514,1.3587,HEALTHY,NONE
1622.1,6.7645,337.975,1.1475,1.0003,HEALTHY,NONE
1983.7,12.5315,338.5044,1.5238,1.4033,HEALTHY,NONE
1770.7,9.0841,354.2245,1.2692,1.1691,HEALTHY,NONE
2155.7,15.0,363.0658,1.7146,1.6143,HEALTHY,NONE
1596.3,6.2445,330.9294,1.0624,0.9882,HEALTHY,NONE
1738.7,8.5919,336.6629,1.2227,1.1246,HEALTHY,NONE
1579.4,6.1028,330.3993,1.0541,1.004,HEALTHY,NONE
2147.3,15.0,359.9699,1.6722,1.5838,HEALTHY,NONE
2114.1,14.7094,358.933,1.6256,1.5622,HEALTHY,NONE
1680.6,7.5353,336.806,1.2005,1.0639,HEALTHY,NONE
1962.0,12.3436,348.5473,1.4764,1.3889,HEALTHY,NONE
2072.1,13.8169,352.6161,1.6081,1.5073,HEALTHY,NONE
1888.6,11.2044,343.6757,1.3905,1.2642,HEALTHY,NONE
1870.8,10.6372,342.5632,1.3461,1.3228,HEALTHY,NONE
1669.3,7.1509,339.1337,1.1692,1.0896,HEALTHY,NONE
1565.2,5.6907,331.2264,1.0125,0.9428,HEALTHY,NONE
2128.1,14.7272,341.7006,1.6605,1.5398,HEALTHY,NONE
2130.3,14.992,359.7941,1.637,1.5713,HEALTHY,NONE
1943.2,11.7235,348.1322,1.5009,1.3629,HEALTHY,NONE
1737.3,8.4054,336.7725,1.2559,1.1448,HEALTHY,NONE
1744.4,8.3048,335.2797,1.2475,1.1492,HEALTHY,NONE
2008.2,12.8111,356.029,1.557,1.4419,HEALTHY,NONE
2128.0,14.4646,361.1365,1.6449,1.5907,HEALTHY,NONE
2121.0,14.4765,352.1836,1.6651,1.5655,HEALTHY,NONE
2045.9,13.6071,354.3309,1.5767,1.4517,HEALTHY,NONE
1949.4,12.041,342.6128,1.4732,1.3952,HEALTHY,NONE
1558.9,5.6332,321.0468,1.0694,0.9768,HEALTHY,NONE
1613.1,6.3068,327.5234,1.1175,1.0659,HEALTHY,NONE
2129.0,14.8375,360.7614,1.6687,1.5404,HEALTHY,NONE
1924.5,11.5171,350.9906,1.4078,1.3457,HEALTHY,NONE
1506.4,4.5421,327.8873,0.9678,0.8453,HEALTHY,NONE
1571.0,5.9923,332.177,1.0547,0.9682,HEALTHY,NONE
1964.5,12.2993,350.8035,1.4861,1.3733,HEALTHY,NONE
1503.5,4.6356,321.9697,0.9612,0.9223,HEALTHY,NONE
1612.6,6.4466,332.7879,1.1504,0.9867,HEALTHY,NONE
1884.1,10.8918,348.2077,1.4274,1.2633,HEALTHY,NONE
1984.3,12.1848,352.9878,1.5179,1.3964,HEALTHY,NONE
1956.4,11.9991,353.7632,1.4769,1.336,HEALTHY,NONE
1657.0,7.063,336.3909,1.1462,1.0655,HEALTHY,NONE
1998.5,12.5718,351.6835,1.5022,1.38,HEALTHY,NONE
1666.1,7.2709,338.6545,1.1619,1.0609,HEALTHY,NONE
1727.8,8.5867,336.2564,1.2325,1.0857,HEALTHY,NONE
2022.5,13.2089,346.7178,1.5225,1.4409,HEALTHY,NONE
1954.7,11.924,346.9218,1.4804,1.4066,HEALTHY,NONE
2094.5,14.3687,350.9983,1.6223,1.5326,HEALTHY,NONE
1960.3,12.3105,344.6406,1.4416,1.3625,HEALTHY,NONE
1897.8,11.2222,344.1682,1.3947,1.3113,HEALTHY,NONE
1565.6,5.6869,324.3165,1.0429,0.9516,HEALTHY,NONE
1757.4,8.7019,336.3302,1.2972,1.1689,HEALTHY,NONE
1685.6,7.7362,324.814,1.1927,1.0542,HEALTHY,NONE
1670.8,7.4489,334.6061,1.1387,1.0773,HEALTHY,NONE
2181.1,15.0,359.0614,1.7292,1.5654,HEALTHY,NONE
1775.2,9.1833,334.673,1.2478,1.1662,HEALTHY,NONE
2124.4,14.928,359.5179,1.6796,1.5482,HEALTHY,NONE
1941.8,11.7188,351.7777,1.4502,1.3723,HEALTHY,NONE
2056.4,13.8607,344.7806,1.5822,1.4845,HEALTHY,NONE
1851.8,10.3652,338.7787,1.3885,1.2339,HEALTHY,NONE
1903.8,11.4927,341.3459,1.3927,1.2987,HEALTHY,NONE
1844.8,10.117,337.5386,1.3264,1.2583,HEALTHY,NONE
1636.7,7.0951,335.9809,1.1167,1.0268,HEALTHY,NONE
2005.7,12.8687,349.3167,1.5498,1.4175,HEALTHY,NONE
1696.5,7.7111,333.5045,1.163,1.0838,HEALTHY,NONE
1517.0,4.8155,315.8317,0.9418,0.9124,HEALTHY,NONE
1951.8,11.9143,350.7686,1.4615,1.3602,HEALTHY,NONE
1624.0,6.6918,325.0026,1.1256,1.0128,HEALTHY,NONE
2158.3,15.0,358.2157,1.7188,1.6381,HEALTHY,NONE
2167.8,15.0,359.7744,1.6957,1.5765,HEALTHY,NONE
2140.4,15.0,363.8235,1.6671,1.5383,HEALTHY,NONE
1759.1,9.1481,331.4115,1.2844,1.177,HEALTHY,NONE
1510.8,5.0463,310.4434,0.9544,0.8782,HEALTHY,NONE
2149.8,15.0,358.4104,1.6778,1.5792,HEALTHY,NONE
1799.7,9.4934,348.989,1.3092,1.1898,HEALTHY,NONE
2176.7,15.0,365.0277,1.7236,1.6095,HEALTHY,NONE
2174.5,15.0,359.775,1.7022,1.6443,HEALTHY,NONE
2097.1,14.1725,352.3972,1.629,1.5443,HEALTHY,NONE
1706.1,7.926,339.3413,1.154,1.121,HEALTHY,NONE
1769.6,8.7467,333.6107,1.2595,1.1443,HEALTHY,NONE
2095.8,14.3645,357.1716,1.6359,1.5038,HEALTHY,NONE
1721.8,8.3176,338.6196,1.2012,1.0641,HEALTHY,NONE
1618.6,6.469,336.2333,1.11,0.9926,HEALTHY,NONE
1889.8,11.1886,358.2863,1.4121,1.3223,HEALTHY,NONE
2155.3,15.0,359.7275,1.6846,1.6018,HEALTHY,NONE
1987.2,12.3185,346.8162,1.5124,1.4046,HEALTHY,NONE
1899.0,11.1371,344.8243,1.394,1.3128,HEALTHY,NONE
1568.0,5.8749,319.5558,1.0497,0.9401,HEALTHY,NONE
1930.5,11.8679,343.0517,1.4596,1.3515,HEALTHY,NONE
2193.0,15.0,357.6055,1.7356,1.6478,HEALTHY,NONE
1598.1,6.3683,327.2825,1.0747,0.9541,HEALTHY,NONE
1862.8,10.5085,343.9033,1.3784,1.2799,HEALTHY,NONE
2114.2,14.5775,351.596,1.6611,1.5655,HEALTHY,NONE
2018.5,13.1802,356.5321,1.502,1.4347,HEALTHY,NONE
1987.9,12.6472,349.3966,1.5329,1.4237,HEALTHY,NONE
1991.7,12.3752,349.5404,1.5072,1.4702,HEALTHY,NONE
1751.6,8.9268,335.9427,1.2617,1.1511,HEALTHY,NONE
1705.5,8.1618,336.0517,1.2271,1.111,HEALTHY,NONE
2066.6,13.735,357.4531,1.5677,1.4804,HEALTHY,NONE
2067.1,13.8968,349.0183,1.5815,1.4993,HEALTHY,NONE
2107.0,14.5602,352.0569,1.6332,1.5482,HEALTHY,NONE
2139.3,15.0,355.4448,1.6584,1.578,HEALTHY,NONE
1857.9,10.3522,336.1676,1.4033,1.2482,HEALTHY,NONE
1851.1,10.2221,338.4568,1.344,1.2653,HEALTHY,NONE
2058.8,13.699,350.5592,1.5756,1.5159,HEALTHY,NONE
1955.0,12.1894,352.1207,1.4781,1.3829,HEALTHY,NONE
1991.4,12.6873,350.8816,1.4895,1.4327,HEALTHY,NONE
2057.1,13.6187,353.8207,1.5769,1.4801,HEALTHY,NONE
2123.0,14.863,360.4047,1.6628,1.5714,HEALTHY,NONE
1736.6,8.0332,336.143,1.2302,1.1425,HEALTHY,NONE
1762.9,9.0609,340.0977,1.2636,1.1464,HEALTHY,NONE
1565.8,5.4205,327.7733,1.0408,0.9578,HEALTHY,NONE
1904.8,11.1427,346.5666,1.3892,1.2997,HEALTHY,NONE
1525.2,4.8525,323.3442,1.0137,0.8947,HEALTHY,NONE
1825.9,9.7196,329.1018,1.369,1.2376,HEALTHY,NONE
1879.9,10.9654,343.3212,1.3928,1.2984,HEALTHY,NONE
1700.6,7.8043,342.1427,1.2023,1.074,HEALTHY,NONE
1913.6,11.392,350.3102,1.4429,1.3501,HEALTHY,NONE
1521.4,4.9514,330.8945,0.9778,0.9146,HEALTHY,NONE
1526.1,5.108,332.4878,1.0424,0.8943,HEALTHY,NONE
2075.8,13.9911,354.2343,1.6092,1.4744,HEALTHY,NONE
1752.1,8.5208,338.5933,1.2864,1.1508,HEALTHY,NONE
1588.9,6.2076,326.3589,1.0619,0.9676,HEALTHY,NONE
1865.6,10.4848,341.6981,1.4133,1.2792,HEALTHY,NONE
2039.0,13.147,355.0286,1.5807,1.4579,HEALTHY,NONE
1651.1,7.0049,338.5732,1.1551,1.0039,HEALTHY,NONE
1936.0,11.9303,346.1039,1.4581,1.3456,HEALTHY,NONE
1559.7,5.7107,325.7362,1.0399,0.9388,HEALTHY,NONE
1536.2,5.1474,326.8115,1.0433,0.932,HEALTHY,NONE
1871.9,10.6103,346.6034,1.3866,1.2699,HEALTHY,NONE
1878.4,10.7201,336.703,1.3515,1.3245,HEALTHY,NONE
1946.2,12.1822,335.8291,1.4421,1.3262,HEALTHY,NONE
2008.3,12.9378,347.6605,1.5281,1.4581,HEALTHY,NONE
2183.1,15.0,353.0513,1.7278,1.6172,HEALTHY,NONE
1861.4,10.6457,340.5298,1.3713,1.2896,HEALTHY,NONE
1726.1,8.325,335.5646,1.2498,1.127,HEALTHY,NONE
2056.6,13.6285,350.5653,1.5453,1.5071,HEALTHY,NONE
1689.6,7.6661,341.7415,1.1887,1.0781,HEALTHY,NONE
1807.3,9.5998,341.9977,1.2773,1.1916,HEALTHY,NONE
1554.9,5.4991,329.2483,1.0548,0.968,HEALTHY,NONE
1517.7,5.009,328.9983,0.9974,0.897,HEALTHY,NONE
2173.9,15.0,352.9985,1.72,1.616,HEALTHY,NONE
2085.2,14.2419,359.4549,1.5981,1.54,HEALTHY,NONE
1987.2,12.5254,348.9803,1.5345,1.3883,HEALTHY,NONE
1786.3,9.2804,342.6658,1.3116,1.2027,HEALTHY,NONE
1621.3,6.285,325.706,1.1234,0.9999,HEALTHY,NONE
1609.5,6.5302,322.7065,1.0963,0.9962,HEALTHY,NONE
1675.2,7.5131,337.8479,1.1818,1.0716,HEALTHY,NONE
1884.5,11.0159,346.105,1.3833,1.2674,HEALTHY,NONE
2000.2,12.3151,345.5006,1.5402,1.4075,HEALTHY,NONE
1962.1,12.4433,343.7586,1.5147,1.4088,HEALTHY,NONE
1696.0,7.7783,340.4249,1.2142,1.1105,HEALTHY,NONE
2168.4,15.0,352.4732,1.6911,1.6044,HEALTHY,NONE
2016.5,12.859,359.0398,1.548,1.4457,HEALTHY,NONE
1888.0,11.0165,339.8993,1.3754,1.2954,HEALTHY,NONE
1928.2,11.4199,349.6022,1.4564,1.372,HEALTHY,NONE
1793.7,9.2963,338.0429,1.3079,1.1949,HEALTHY,NONE
1673.4,7.7196,336.6865,1.1309,1.0729,HEALTHY,NONE
1749.2,8.6366,334.7385,1.2273,1.1735,HEALTHY,NONE
2030.5,13.2748,350.7106,1.5503,1.4404,HEALTHY,NONE
1510.1,4.9055,325.7084,0.9849,0.9221,HEALTHY,NONE
1581.3,6.0074,324.0516,1.044,0.9376,HEALTHY,NONE
1532.2,5.1576,330.3142,1.0227,0.9476,HEALTHY,NONE
1528.5,5.1297,323.8594,1.016,0.9035,HEALTHY,NONE
2098.8,14.7144,353.7981,1.6263,1.5253,HEALTHY,NONE
1992.6,12.6163,344.6563,1.4997,1.377,HEALTHY,NONE
1831.9,10.0416,328.7844,1.3613,1.2313,HEALTHY,NONE
1568.5,5.8829,327.4691,1.0875,0.9336,HEALTHY,NONE
1844.1,10.3759,354.2696,1.344,1.2415,HEALTHY,NONE
1831.4,10.1815,345.4945,1.3276,1.2371,HEALTHY,NONE
1621.2,6.6795,330.9658,1.1215,1.0308,HEALTHY,NONE
1803.7,9.3807,338.8704,1.3026,1.2139,HEALTHY,NONE
1779.0,9.3947,339.06,1.2801,1.189,HEALTHY,NONE
1931.1,11.453,349.2903,1.4628,1.3261,HEALTHY,NONE
1944.6,11.8895,341.3242,1.4245,1.3451,HEALTHY,NONE
1531.7,5.0139,332.1572,1.0408,0.9504,HEALTHY,NONE
1762.2,8.8679,341.6883,1.2662,1.15,HEALTHY,NONE
1938.1,11.7883,350.496,1.4474,1.3888,HEALTHY,NONE
1852.2,10.3895,344.8021,1.3606,1.2575,HEALTHY,NONE
2099.5,14.4289,355.0752,1.6302,1.531,HEALTHY,NONE
1961.1,12.355,351.4186,1.446,1.402,HEALTHY,NONE
1614.1,6.5348,333.6618,1.1337,1.0293,HEALTHY,NONE
1549.4,5.3782,325.6997,1.0345,0.9314,HEALTHY,NONE
1949.7,12.0722,344.6167,1.4771,1.3605,HEALTHY,NONE
1518.6,5.0915,326.4372,1.0192,0.899,HEALTHY,NONE
1910.0,11.0983,353.2472,1.4048,1.3319,HEALTHY,NONE
2158.2,15.0,351.7125,1.704,1.6124,HEALTHY,NONE
1902.8,11.2703,337.804,1.412,1.3174,HEALTHY,NONE
1771.7,8.9873,339.4098,1.2919,1.1874,HEALTHY,NONE
1950.3,12.1438,347.7695,1.4264,1.4017,HEALTHY,NONE
1820.8,9.8076,341.9056,1.3263,1.2359,HEALTHY,NONE
1881.9,10.8439,345.3164,1.3826,1.3009,HEALTHY,NONE
2159.0,15.0,356.8353,1.7042,1.5651,HEALTHY,NONE
1770.3,9.0107,345.9629,1.2828,1.1208,HEALTHY,NONE
2172.8,15.0,350.6371,1.6964,1.6183,HEALTHY,NONE
2133.7,14.706,352.5448,1.6538,1.5662,HEALTHY,NONE
1637.1,7.0801,331.3364,1.1266,1.0185,HEALTHY,NONE
1548.6,5.274,319.2117,1.0148,0.9376,HEALTHY,NONE
1570.5,5.6102,327.648,1.0734,0.9554,HEALTHY,NONE
1512.8,4.4956,333.9451,0.9865,0.9164,HEALTHY,NONE
1566.1,5.5909,328.4099,0.9936,0.9535,HEALTHY,NONE
1978.1,12.1913,350.0587,1.4916,1.3841,HEALTHY,NONE
1549.8,5.6682,321.1908,1.0133,0.9539,HEALTHY,NONE
1723.3,8.3954,333.0823,1.1898,1.1181,HEALTHY,NONE
2091.4,14.1301,352.6947,1.5974,1.5326,HEALTHY,NONE
1516.3,5.214,324.2259,0.9999,0.8881,HEALTHY,NONE
2070.1,14.0343,359.9146,1.6256,1.486,HEALTHY,NONE
1697.3,7.7724,337.6534,1.2005,1.0959,HEALTHY,NONE
1582.7,5.582,323.5785,1.0577,0.9701,HEALTHY,NONE
1987.7,12.8898,350.6183,1.5186,1.4191,HEALTHY,NONE
1940.3,11.5656,349.5041,1.4488,1.3526,HEALTHY,NONE
2114.2,14.3577,361.4123,1.633,1.5102,HEALTHY,NONE
2014.5,13.1361,358.6302,1.5156,1.43,HEALTHY,NONE
2062.4,14.1278,348.0464,1.5556,1.5065,HEALTHY,NONE
1697.4,8.0308,330.8169,1.1865,1.0884,HEALTHY,NONE
1624.2,6.7165,324.9225,1.118,1.0099,HEALTHY,NONE
2025.4,13.249,350.1014,1.5485,1.4702,HEALTHY,NONE
2064.8,13.9281,355.571,1.5849,1.479,HEALTHY,NONE
2193.4,15.0,364.6044,1.7139,1.6019,HEALTHY,NONE
1788.8,9.3525,339.0619,1.3058,1.1904,HEALTHY,NONE
1760.4,8.8636,336.4214,1.2364,1.1531,HEALTHY,NONE
2043.5,13.4442,352.9332,1.5856,1.4507,HEALTHY,NONE
1738.6,8.3794,332.7524,1.219,1.1355,HEALTHY,NONE
2151.5,15.0,368.0242,1.6723,1.5972,HEALTHY,NONE
2100.9,14.1335,347.0061,1.6031,1.5322,HEALTHY,NONE
1800.3,9.4821,340.9385,1.296,1.2122,HEALTHY,NONE
2025.6,13.0144,361.3985,1.5702,1.4869,HEALTHY,NONE
2028.2,13.039,351.443,1.5638,1.4466,HEALTHY,NONE
1572.2,5.8126,327.6591,1.0779,0.9639,HEALTHY,NONE
2131.8,15.0,354.8021,1.6764,1.5558,HEALTHY,NONE
1853.7,10.5031,341.7819,1.3419,1.2471,HEALTHY,NONE
2078.5,13.788,360.7903,1.6015,1.4964,HEALTHY,NONE
1724.0,8.1077,325.1424,1.2076,1.1137,HEALTHY,NONE
2126.9,14.9512,364.0105,1.6872,1.5678,HEALTHY,NONE
1772.4,8.8963,331.5023,1.2519,1.2228,HEALTHY,NONE
1507.6,4.7008,324.0461,1.0061,0.8739,HEALTHY,NONE
2133.8,15.0,354.5421,1.6859,1.5598,HEALTHY,NONE
1563.9,5.5055,331.1378,1.086,0.9481,HEALTHY,NONE
1723.5,8.2635,328.1854,1.2145,1.1306,HEALTHY,NONE
2165.0,15.0,360.563,1.7163,1.6073,HEALTHY,NONE
2165.4,15.0,368.3928,1.7481,1.6281,HEALTHY,NONE
1901.4,11.1899,338.2545,1.4035,1.2673,HEALTHY,NONE
1942.3,11.5681,348.0628,1.4295,1.3125,HEALTHY,NONE
1813.9,9.7845,337.3857,1.2832,1.2109,HEALTHY,NONE
1705.2,7.9475,337.3918,1.2171,1.1248,HEALTHY,NONE
1730.1,8.4371,336.599,1.1921,1.0985,HEALTHY,NONE
1970.8,12.3039,345.3307,1.4837,1.331,HEALTHY,NONE
2026.7,13.3844,353.7725,1.5606,1.4632,HEALTHY,NONE
2054.1,13.6451,361.727,1.5853,1.4865,HEALTHY,NONE
2052.7,13.5396,351.6821,1.5886,1.4583,HEALTHY,NONE
1563.8,5.6682,331.791,1.0538,0.9296,HEALTHY,NONE
1846.1,10.3235,335.8383,1.3813,1.2364,HEALTHY,NONE
1540.3,5.274,322.2324,1.0047,0.926,HEALTHY,NONE
1884.7,10.8757,346.5955,1.3841,1.2851,HEALTHY,NONE
1809.1,9.5344,347.8741,1.3001,1.2254,HEALTHY,NONE
2121.4,14.6216,357.8477,1.6713,1.4976,HEALTHY,NONE
1745.6,8.3973,335.7167,1.2647,1.1296,HEALTHY,NONE
1581.9,6.2068,329.0938,1.078,0.9464,HEALTHY,NONE
1600.1,6.053,323.7527,1.1123,0.9835,HEALTHY,NONE
2033.1,13.1799,354.6754,1.5352,1.448,HEALTHY,NONE
1932.8,11.5442,351.0493,1.4832,1.3658,HEALTHY,NONE
1570.8,5.897,326.2788,1.0873,0.9197,HEALTHY,NONE
1558.9,5.5248,325.5935,1.0586,0.9448,HEALTHY,NONE
1990.7,12.7815,350.8633,1.5484,1.4239,HEALTHY,NONE
1550.9,5.3388,325.3631,1.0022,0.9724,HEALTHY,NONE
2075.3,14.013,353.4344,1.5941,1.495,HEALTHY,NONE
1994.4,12.5291,360.2171,1.502,1.4232,HEALTHY,NONE
1556.9,5.8594,326.6121,1.0563,0.9057,HEALTHY,NONE
1559.4,5.3992,326.1776,1.0235,0.8966,HEALTHY,NONE
2190.6,15.0,356.2947,1.745,1.6467,HEALTHY,NONE
1762.0,8.9687,341.8204,1.2919,1.1643,HEALTHY,NONE
1759.4,8.8944,337.0664,1.2756,1.1853,HEALTHY,NONE
2069.0,13.8402,350.2011,1.6034,1.4703,HEALTHY,NONE
2163.1,15.0,364.7602,1.6802,1.6103,HEALTHY,NONE
2190.2,15.0,366.6081,1.7124,1.6667,HEALTHY,NONE
2027.4,13.1692,348.3661,1.5776,1.461,HEALTHY,NONE
1763.4,9.0409,328.8364,1.2815,1.1715,HEALTHY,NONE
1558.5,5.8937,332.9601,1.0427,0.9436,HEALTHY,NONE
2044.0,13.3783,348.777,1.5623,1.4392,HEALTHY,NONE
1890.9,10.7652,348.4973,1.3639,1.3315,HEALTHY,NONE
1797.0,9.4293,329.9973,1.281,1.1902,HEALTHY,NONE
2134.4,15.0,361.1854,1.7071,1.5789,HEALTHY,NONE
1577.8,5.757,322.8361,1.0389,0.9332,HEALTHY,NONE
1844.8,10.4674,345.8957,1.3582,1.2308,HEALTHY,NONE
1507.9,4.9921,325.4687,1.0088,0.9173,HEALTHY,NONE
1828.1,9.8656,336.6334,1.3111,1.2292,HEALTHY,NONE
1539.4,5.3377,324.9354,1.0265,0.9519,HEALTHY,NONE
1583.2,6.2086,332.5902,1.0891,0.9687,HEALTHY,NONE
1582.3,5.8927,329.6429,1.0696,0.9325,HEALTHY,NONE
1954.4,11.9744,350.6444,1.5308,1.3912,HEALTHY,NONE
2022.2,13.0205,360.9938,1.5136,1.4352,HEALTHY,NONE
1908.4,11.1028,337.5967,1.4445,1.3373,HEALTHY,NONE
2173.5,15.0,366.7621,1.7078,1.6118,HEALTHY,NONE
1762.4,8.6969,338.6422,1.2803,1.134,HEALTHY,NONE
1700.0,7.8702,330.506,1.206,1.1004,HEALTHY,NONE
2108.0,14.388,348.7494,1.6255,1.5841,HEALTHY,NONE
1656.5,7.1927,331.8803,1.1545,1.0598,HEALTHY,NONE
2174.3,15.0,363.321,1.6749,1.6109,HEALTHY,NONE
1508.5,4.7992,324.7877,1.0013,0.9107,HEALTHY,NONE
2178.9,15.0,366.5015,1.7231,1.6213,HEALTHY,NONE
1530.2,4.8036,319.2547,1.0256,0.917,HEALTHY,NONE
2123.8,14.8163,356.1296,1.6784,1.5354,HEALTHY,NONE
1869.4,10.8052,337.2076,1.3884,1.2857,HEALTHY,NONE
2195.1,15.0,361.5719,1.7376,1.6554,HEALTHY,NONE
1551.7,5.7025,332.0173,1.0185,0.9194,HEALTHY,NONE
1887.7,10.9817,342.2811,1.3867,1.3294,HEALTHY,NONE
2178.5,15.0,345.9045,1.7404,1.6148,HEALTHY,NONE
1866.2,10.5602,344.3032,1.4063,1.2598,HEALTHY,NONE
1940.6,11.863,349.2126,1.4536,1.3783,HEALTHY,NONE
1987.0,12.5463,351.3727,1.5097,1.403,HEALTHY,NONE
1818.2,9.8686,347.0878,1.3074,1.2406,HEALTHY,NONE
1939.3,11.6202,341.6093,1.4804,1.3511,HEALTHY,NONE
1909.0,11.2912,348.8521,1.4374,1.3229,HEALTHY,NONE
2130.8,14.6622,362.5031,1.7037,1.5748,HEALTHY,NONE
1531.8,5.112,317.6977,0.997,0.9204,HEALTHY,NONE
1696.7,7.6754,336.432,1.186,1.0536,HEALTHY,NONE
2165.3,15.0,355.7435,1.7069,1.5799,HEALTHY,NONE
2123.2,14.9356,355.7516,1.6695,1.5752,HEALTHY,NONE
1819.0,9.9642,342.6864,1.322,1.2237,HEALTHY,NONE
1934.1,11.7651,344.2685,1.4338,1.3408,HEALTHY,NONE
1694.2,7.6063,331.3298,1.2084,1.0636,HEALTHY,NONE
1631.7,6.7061,331.755,1.1374,1.0014,HEALTHY,NONE
1824.6,10.0741,335.7932,1.3141,1.192,HEALTHY,NONE
1747.3,8.6567,331.9382,1.2757,1.1465,HEALTHY,NONE
1908.6,11.6062,348.8248,1.447,1.3116,HEALTHY,NONE
1554.4,5.5554,321.9767,1.0418,0.9197,HEALTHY,NONE
2182.1,15.0,362.4354,1.7221,1.6192,HEALTHY,NONE
2190.3,15.0,361.8303,1.7406,1.6368,HEALTHY,NONE
1988.7,12.5824,340.8066,1.4934,1.4525,HEALTHY,NONE
1875.3,10.6938,340.3755,1.388,1.2572,HEALTHY,NONE
1716.7,8.2425,341.804,1.1722,1.1384,HEALTHY,NONE
2069.7,14.0228,348.577,1.616,1.5179,HEALTHY,NONE
1979.3,12.2915,346.6436,1.4692,1.3848,HEALTHY,NONE
1613.8,6.2635,333.0019,1.1337,1.0077,HEALTHY,NONE
2137.6,14.7101,360.7994,1.6657,1.5632,HEALTHY,NONE
2075.8,14.0551,352.5311,1.6009,1.5088,HEALTHY,NONE
2164.9,15.0,355.2554,1.6893,1.632,HEALTHY,NONE
2008.0,12.5533,357.512,1.5258,1.4437,HEALTHY,NONE
1929.4,11.6555,355.164,1.4746,1.3564,HEALTHY,NONE
1792.8,9.7484,344.5328,1.2481,1.1893,HEALTHY,NONE
2152.9,15.0,358.0721,1.7144,1.5592,HEALTHY,NONE
2106.2,14.6004,351.2709,1.645,1.534,HEALTHY,NONE
1531.7,5.1384,322.4304,0.9902,0.9385,HEALTHY,NONE
1518.5,4.8966,328.5354,0.9785,0.8695,HEALTHY,NONE
1763.5,9.0365,340.2682,1.2996,1.145,HEALTHY,NONE
2067.4,13.7989,360.3774,1.5771,1.4985,HEALTHY,NONE
2191.1,15.0,362.8069,1.7073,1.6106,HEALTHY,NONE
1605.3,6.3724,322.7492,1.1171,0.9785,HEALTHY,NONE
1915.9,11.2774,351.0543,1.4383,1.3231,HEALTHY,NONE
1766.6,9.0978,333.3409,1.2507,1.1422,HEALTHY,NONE
2178.9,15.0,357.0271,1.7215,1.5977,HEALTHY,NONE
2089.5,14.0885,355.7252,1.5995,1.5341,HEALTHY,NONE
2086.8,14.2392,364.3198,1.6391,1.491,HEALTHY,NONE
1828.1,9.8142,356.9539,1.3574,1.2042,HEALTHY,NONE
1790.4,9.3397,342.5523,1.3059,1.1827,HEALTHY,NONE
1691.4,7.7235,333.6533,1.195,1.1024,HEALTHY,NONE
1539.5,5.416,329.6457,1.0581,0.9189,HEALTHY,NONE
2105.3,14.5305,359.7036,1.6372,1.5279,HEALTHY,NONE
2069.0,13.8654,351.8482,1.5742,1.4987,HEALTHY,NONE
2199.8,15.0,368.9662,1.7488,1.6049,HEALTHY,NONE
2197.6,15.0,361.0326,1.7792,1.6473,HEALTHY,NONE
1888.8,11.0205,346.9288,1.3818,1.3098,HEALTHY,NONE
2038.3,13.3706,355.2442,1.5572,1.4562,HEALTHY,NONE
2161.3,15.0,360.1747,1.7064,1.6181,HEALTHY,NONE
2094.8,14.1279,358.9324,1.6247,1.5032,HEALTHY,NONE
1673.1,7.3823,330.5709,1.1483,1.0905,HEALTHY,NONE
1815.4,9.6509,337.9775,1.3449,1.2255,HEALTHY,NONE
1590.4,6.054,324.0198,1.1246,0.9714,HEALTHY,NONE
2167.8,15.0,360.5893,1.709,1.6047,HEALTHY,NONE
1924.3,11.5942,350.1108,1.4226,1.3385,HEALTHY,NONE
1660.0,7.2045,335.2914,1.1228,1.0782,HEALTHY,NONE
1970.2,12.334,356.882,1.4957,1.369,HEALTHY,NONE
1932.7,11.6606,346.6065,1.4719,1.3345,HEALTHY,NONE
1750.7,8.3939,340.8794,1.2617,1.1729,HEALTHY,NONE
1579.5,5.7635,323.516,1.0663,0.9544,HEALTHY,NONE
1970.1,12.238,346.5696,1.4786,1.4084,HEALTHY,NONE
1864.2,10.3554,346.6885,1.3536,1.3094,HEALTHY,NONE
2040.6,13.4969,356.2767,1.5837,1.4589,HEALTHY,NONE
1864.1,10.7648,341.7359,1.3936,1.289,HEALTHY,NONE
2096.5,14.4993,354.4684,1.5967,1.5046,HEALTHY,NONE
1886.3,10.8647,336.7274,1.4312,1.3145,HEALTHY,NONE
1892.7,11.2232,342.8477,1.4178,1.3103,HEALTHY,NONE
2113.7,14.6175,360.1348,1.6742,1.5557,HEALTHY,NONE
1782.4,9.1558,341.9979,1.2598,1.1737,HEALTHY,NONE
1593.8,6.0454,332.1939,1.0545,0.9486,HEALTHY,NONE
1520.1,4.8935,326.2563,0.9989,0.9119,HEALTHY,NONE
2028.6,13.1531,351.4651,1.564,1.4126,HEALTHY,NONE
1934.2,11.7013,343.4092,1.4874,1.3451,HEALTHY,NONE
1992.9,12.6539,353.1369,1.5292,1.4339,HEALTHY,NONE
1649.1,7.037,334.5586,1.137,1.0457,HEALTHY,NONE
1595.5,6.2298,332.2331,1.0631,1.0226,HEALTHY,NONE
1510.2,4.9554,322.8789,1.0157,0.9116,HEALTHY,NONE
1745.4,8.7463,326.5038,1.2272,1.1334,HEALTHY,NONE
1912.9,11.1069,351.1329,1.4609,1.3289,HEALTHY,NONE
1774.6,8.6952,336.3344,1.2724,1.1772,HEALTHY,NONE
1806.2,9.7336,335.9977,1.3443,1.1808,HEALTHY,NONE
2132.9,14.7034,360.1129,1.6807,1.5484,HEALTHY,NONE
1743.8,8.5436,335.2289,1.2419,1.1335,HEALTHY,NONE
1859.8,10.2894,348.2893,1.3602,1.2299,HEALTHY,NONE
2048.6,13.2658,355.5129,1.5688,1.4765,HEALTHY,NONE
1777.6,9.2085,342.2968,1.2899,1.1764,HEALTHY,NONE
1935.5,11.8099,339.9433,1.4543,1.3193,HEALTHY,NONE
2103.7,14.346,361.2424,1.6235,1.5435,HEALTHY,NONE
2164.7,15.0,359.5395,1.6983,1.616,HEALTHY,NONE
1603.0,6.2042,328.3012,1.0933,0.9963,HEALTHY,NONE
2148.6,15.0,358.1475,1.6416,1.5777,HEALTHY,NONE
1844.5,9.9939,333.3429,1.3632,1.2658,HEALTHY,NONE
1680.8,7.5797,336.0818,1.1567,1.0899,HEALTHY,NONE
1821.4,9.8379,335.9229,1.3059,1.2351,HEALTHY,NONE
2186.0,15.0,352.5378,1.6911,1.6083,HEALTHY,NONE
1844.8,10.2394,334.6298,1.3185,1.2599,HEALTHY,NONE
1730.1,8.2093,342.0697,1.2027,1.1538,HEALTHY,NONE
1943.4,12.0043,344.0227,1.4472,1.3495,HEALTHY,NONE
1668.1,7.3223,341.0737,1.2016,1.1045,HEALTHY,NONE
1553.1,5.471,324.9762,1.0271,0.9271,HEALTHY,NONE
1590.2,5.9389,320.974,1.0815,0.9786,HEALTHY,NONE
1589.6,6.0029,323.899,1.0853,0.9639,HEALTHY,NONE
1606.3,6.2084,336.4957,1.0981,0.9999,HEALTHY,NONE
1597.2,6.1663,329.0795,1.084,0.9507,HEALTHY,NONE
1948.6,12.1667,344.6892,1.4432,1.3561,HEALTHY,NONE
1627.3,6.4767,332.1659,1.1472,0.9964,HEALTHY,NONE
1742.0,8.3058,339.6073,1.2789,1.1454,HEALTHY,NONE
2127.8,15.0,361.9746,1.6279,1.5814,HEALTHY,NONE
1831.8,9.9776,348.8312,1.3197,1.2531,HEALTHY,NONE
1967.3,12.1135,346.5657,1.4817,1.3399,HEALTHY,NONE
1620.6,6.7296,324.401,1.0917,1.0518,HEALTHY,NONE
1634.6,6.7102,329.6628,1.1363,1.032,HEALTHY,NONE
1528.6,5.3505,327.7318,0.9965,0.8955,HEALTHY,NONE
1618.3,6.6368,326.0939,1.1517,1.0115,HEALTHY,NONE
1695.0,7.7108,329.9649,1.2155,1.0953,HEALTHY,NONE
1623.9,6.9507,332.9143,1.1188,1.0012,HEALTHY,NONE
1562.1,5.5305,327.8613,1.068,0.9514,HEALTHY,NONE
1584.4,6.0963,329.3862,1.0938,0.9595,HEALTHY,NONE
1822.5,9.9038,337.3348,1.3189,1.2221,HEALTHY,NONE
1644.4,7.1563,331.0697,1.1205,1.0231,HEALTHY,NONE
1755.0,8.994,333.1283,1.2584,1.1282,HEALTHY,NONE
1852.4,10.3493,347.0706,1.3798,1.2655,HEALTHY,NONE
1983.3,12.3609,354.3401,1.5075,1.4164,HEALTHY,NONE
1527.5,5.1278,317.145,0.9783,0.9202,HEALTHY,NONE
2059.6,13.6139,348.3318,1.5715,1.504,HEALTHY,NONE
1939.5,12.0642,339.4939,1.4557,1.3637,HEALTHY,NONE
1557.2,5.5627,324.6114,1.0406,0.9315,HEALTHY,NONE
2111.5,14.5054,355.1581,1.6834,1.5607,HEALTHY,NONE
2144.6,15.0,349.9823,1.6521,1.5527,HEALTHY,NONE
1542.8,5.1047,322.5284,1.0365,0.9084,HEALTHY,NONE
1693.8,7.6187,329.6709,1.2202,1.0711,HEALTHY,NONE
2064.3,13.9729,354.2534,1.6381,1.5143,HEALTHY,NONE
2023.8,13.0344,351.5358,1.5406,1.4675,HEALTHY,NONE
1629.2,6.5556,327.8495,1.1301,1.03,HEALTHY,NONE
1646.5,7.0759,333.2113,1.1505,1.0605,HEALTHY,NONE
1759.3,9.0082,335.2331,1.2655,1.144,HEALTHY,NONE
1839.2,10.2371,340.6,1.3463,1.2552,HEALTHY,NONE
1932.8,11.8018,355.0062,1.4586,1.3474,HEALTHY,NONE
1758.2,8.6991,344.6143,1.2097,1.1773,HEALTHY,NONE
1823.8,9.6656,334.6908,1.3452,1.2292,HEALTHY,NONE
2023.2,13.3492,355.3101,1.5506,1.4404,HEALTHY,NONE
1525.7,4.9805,330.3409,1.0034,0.9187,HEALTHY,NONE
1676.7,7.4485,328.094,1.2128,1.0894,HEALTHY,NONE
1999.3,12.9346,354.0611,1.5086,1.4088,HEALTHY,NONE
2126.6,14.89,364.0219,1.6523,1.5591,HEALTHY,NONE
1858.2,10.5069,337.296,1.4087,1.2477,HEALTHY,NONE
1872.5,10.996,339.0365,1.3678,1.2344,HEALTHY,NONE
1575.0,5.7352,333.8393,1.0504,0.9655,HEALTHY,NONE
1813.2,9.8458,342.0169,1.3171,1.2322,HEALTHY,NONE
1872.8,10.6856,346.399,1.4016,1.29,HEALTHY,NONE
1669.7,7.4129,335.1894,1.1684,1.0253,HEALTHY,NONE
1688.5,7.9068,336.377,1.1588,1.0776,HEALTHY,NONE
1764.1,8.9841,331.5726,1.2561,1.1224,HEALTHY,NONE
1514.0,4.9204,330.9391,0.9831,0.9226,HEALTHY,NONE
1725.5,8.4401,342.1207,1.2232,1.1031,HEALTHY,NONE
1648.0,6.9645,331.2537,1.1492,1.0658,HEALTHY,NONE
1729.2,8.2151,336.245,1.2373,1.1478,HEALTHY,NONE
1583.8,5.8183,321.5361,1.0355,0.953,HEALTHY,NONE
2123.4,14.4583,358.7397,1.6781,1.5341,HEALTHY,NONE
1915.5,11.6799,348.636,1.4362,1.3381,HEALTHY,NONE
1975.4,12.1799,348.4576,1.5238,1.3792,HEALTHY,NONE
2052.4,13.5657,358.2428,1.5887,1.4818,HEALTHY,NONE
1848.9,10.2463,340.7751,1.3808,1.2492,HEALTHY,NONE
1560.8,5.6471,330.8652,1.0554,0.9104,HEALTHY,NONE
1876.0,10.8505,338.7004,1.4151,1.2436,HEALTHY,NONE
1910.8,11.4237,345.4217,1.4364,1.3305,HEALTHY,NONE
2021.8,13.0134,350.2186,1.5446,1.4353,HEALTHY,NONE
1802.2,9.5022,341.2346,1.3535,1.197,HEALTHY,NONE
1589.3,6.1065,327.6177,1.0947,0.9909,HEALTHY,NONE
1698.6,7.8057,334.2748,1.2071,1.1191,HEALTHY,NONE
1754.2,8.9873,341.8381,1.2304,1.1505,HEALTHY,NONE
1952.1,12.041,345.4233,1.4451,1.3641,HEALTHY,NONE
1899.5,11.2219,336.9444,1.4196,1.3238,HEALTHY,NONE
1749.3,8.7661,346.2113,1.2535,1.1235,HEALTHY,NONE
2190.6,15.0,366.4353,1.7175,1.6342,HEALTHY,NONE
1924.0,11.5374,339.7408,1.4432,1.3514,HEALTHY,NONE
1666.1,7.1183,336.7515,1.1921,1.0739,HEALTHY,NONE
1571.2,5.8303,326.0475,1.0713,0.9186,HEALTHY,NONE
1607.0,6.2543,331.6675,1.0734,0.9809,HEALTHY,NONE
1672.2,7.333,335.0796,1.1647,1.0494,HEALTHY,NONE
1612.5,6.529,329.4518,1.086,1.0041,HEALTHY,NONE
1630.6,6.9216,327.611,1.114,1.0314,HEALTHY,NONE
1699.6,7.8612,331.5256,1.1884,1.1266,HEALTHY,NONE
1621.4,6.632,326.4871,1.1022,1.0019,HEALTHY,NONE
2127.7,15.0,352.2277,1.6364,1.5516,HEALTHY,NONE
1556.2,5.561,327.4723,1.0384,0.964,HEALTHY,NONE
1867.2,10.975,339.7791,1.3674,1.2846,HEALTHY,NONE
1787.3,9.3699,342.7741,1.2333,1.2173,HEALTHY,NONE
2187.7,15.0,366.8195,1.7677,1.6324,HEALTHY,NONE
1578.4,6.0001,326.0211,1.0869,0.942,HEALTHY,NONE
1778.5,9.1994,340.122,1.2748,1.1557,HEALTHY,NONE
2178.6,15.0,361.4299,1.7172,1.5858,HEALTHY,NONE
2105.9,14.5693,357.6528,1.6144,1.551,HEALTHY,NONE
2072.0,13.8959,353.9773,1.6349,1.5247,HEALTHY,NONE
1680.5,7.3647,337.74,1.214,1.113,HEALTHY,NONE
1619.6,6.526,333.3923,1.113,1.0267,HEALTHY,NONE
1968.1,12.0986,342.2142,1.5086,1.4114,HEALTHY,NONE
2150.6,15.0,361.8739,1.6898,1.5747,HEALTHY,NONE
1889.7,11.0403,348.9232,1.3764,1.28,HEALTHY,NONE
1900.1,11.3716,341.19,1.4062,1.3314,HEALTHY,NONE
1696.0,7.859,334.989,1.1954,1.1011,HEALTHY,NONE
2038.6,13.1954,355.3489,1.5557,1.467,HEALTHY,NONE
1630.9,6.808,330.5,1.1178,1.0299,HEALTHY,NONE
1726.6,8.477,341.6937,1.2242,1.1325,HEALTHY,NONE
1797.8,9.3649,351.7096,1.3017,1.229,HEALTHY,NONE
1855.3,10.3721,338.8364,1.3668,1.2917,HEALTHY,NONE
1669.7,7.3741,326.5791,1.143,1.0751,HEALTHY,NONE
1580.4,5.8012,330.5384,1.0529,0.9842,HEALTHY,NONE
1927.4,11.6626,349.9795,1.4184,1.3544,HEALTHY,NONE
1702.0,7.8802,333.9477,1.2189,1.0901,HEALTHY,NONE
1906.9,11.2937,352.6096,1.3796,1.3369,HEALTHY,NONE
1608.1,6.236,323.7097,1.1204,0.9694,HEALTHY,NONE
1836.8,10.0251,345.3045,1.3734,1.2667,HEALTHY,NONE
1872.8,10.7851,340.6113,1.3787,1.2609,HEALTHY,NONE
1536.3,5.1454,335.4107,0.9673,0.9251,HEALTHY,NONE
1735.6,8.7037,346.7437,1.2286,1.1189,HEALTHY,NONE
1594.1,6.082,325.8712,1.0809,0.9932,HEALTHY,NONE
1544.4,5.3666,324.4703,1.008,0.9275,HEALTHY,NONE
2193.0,15.0,363.9465,1.7221,1.6005,HEALTHY,NONE
1725.6,8.0696,334.3467,1.2556,1.1334,HEALTHY,NONE
2066.9,13.5706,353.1185,1.6088,1.4839,HEALTHY,NONE
1678.2,7.2823,334.0394,1.155,1.0911,HEALTHY,NONE
1977.1,12.5621,339.2542,1.466,1.398,HEALTHY,NONE
2032.2,13.1865,351.5388,1.5512,1.4657,HEALTHY,NONE
1916.9,11.7785,342.3987,1.4284,1.3135,HEALTHY,NONE
1830.1,9.8972,339.0396,1.3483,1.2266,HEALTHY,NONE
1788.3,9.3292,346.6326,1.2823,1.1838,HEALTHY,NONE
1744.2,8.8156,330.9279,1.2554,1.1623,HEALTHY,NONE
2150.7,15.0,361.5995,1.7251,1.62,HEALTHY,NONE
2081.4,14.3802,352.6769,1.6276,1.4952,HEALTHY,NONE
2175.5,15.0,357.3771,1.7125,1.635,HEALTHY,NONE
1587.0,6.1803,333.3023,1.0708,0.9311,HEALTHY,NONE
2011.6,13.0238,352.2806,1.5283,1.4116,HEALTHY,NONE
2156.8,15.0,360.695,1.7168,1.574,HEALTHY,NONE
1626.9,6.5925,336.1841,1.1052,0.9907,HEALTHY,NONE
1546.5,5.2457,325.6708,1.0314,0.8989,HEALTHY,NONE
2018.8,13.0511,347.878,1.5443,1.4515,HEALTHY,NONE
1902.1,11.1282,339.6808,1.4066,1.3123,HEALTHY,NONE
2089.3,14.1306,350.337,1.5923,1.5274,HEALTHY,NONE
1597.8,6.3074,344.6375,1.0927,1.0,HEALTHY,NONE
2056.7,13.8116,359.0578,1.5832,1.4897,HEALTHY,NONE
1641.1,6.9207,325.3016,1.1432,1.0464,HEALTHY,NONE
1614.6,6.6966,324.1157,1.0937,1.003,HEALTHY,NONE
1615.0,6.3107,333.1586,1.1293,0.9811,HEALTHY,NONE
2070.2,13.8592,356.2464,1.5815,1.5202,HEALTHY,NONE
1965.6,12.0794,351.0263,1.5198,1.3738,HEALTHY,NONE
1866.1,10.2883,342.0325,1.3426,1.2588,HEALTHY,NONE
1751.2,8.6854,336.9318,1.2614,1.1492,HEALTHY,NONE
2114.0,14.5832,357.3414,1.6562,1.5284,HEALTHY,NONE
1774.7,9.3076,339.165,1.2623,1.1699,HEALTHY,NONE
2071.6,14.0059,342.4845,1.6091,1.5075,HEALTHY,NONE
1807.4,9.4587,339.2207,1.3393,1.2207,HEALTHY,NONE
1763.9,9.1822,333.936,1.2221,1.1485,HEALTHY,NONE
1823.9,10.0637,342.0698,1.3417,1.2219,HEALTHY,NONE
1711.0,8.1308,350.4745,1.1592,1.1305,HEALTHY,NONE
2023.3,13.0916,353.0037,1.5289,1.4581,HEALTHY,NONE
1851.9,10.1926,341.0276,1.3947,1.3036,HEALTHY,NONE
1662.5,7.1999,337.7365,1.1448,1.0801,HEALTHY,NONE
2129.7,15.0,358.8985,1.6402,1.5866,HEALTHY,NONE
1768.7,9.2659,340.5367,1.2678,1.144,HEALTHY,NONE
1880.5,11.0331,347.0586,1.4345,1.3084,HEALTHY,NONE
2134.5,14.8615,367.0092,1.6323,1.5679,HEALTHY,NONE
1937.0,11.5525,341.1939,1.4334,1.3434,HEALTHY,NONE
1581.8,5.9636,331.4596,1.0988,0.9722,HEALTHY,NONE
2157.9,15.0,353.2622,1.7314,1.6132,HEALTHY,NONE
1939.4,11.8085,349.7473,1.455,1.3671,HEALTHY,NONE
1734.4,8.4032,332.1283,1.2097,1.117,HEALTHY,NONE
1597.5,6.1274,327.7877,1.1278,1.0007,HEALTHY,NONE
2055.8,13.415,351.3154,1.6153,1.4707,HEALTHY,NONE
1934.1,11.7501,351.5816,1.4648,1.3556,HEALTHY,NONE
1873.4,10.6067,348.2634,1.3692,1.2794,HEALTHY,NONE
2125.7,14.6161,350.0577,1.6584,1.555,HEALTHY,NONE
2052.0,13.1615,352.8756,1.5761,1.4947,HEALTHY,NONE
1606.2,6.3344,326.7607,1.1019,0.9745,HEALTHY,NONE
1718.2,8.4271,329.6177,1.2459,1.1558,HEALTHY,NONE
1673.9,7.6903,332.612,1.1864,1.0324,HEALTHY,NONE
2020.8,13.0153,349.4957,1.5239,1.4334,HEALTHY,NONE
1523.5,4.9027,338.3072,1.033,0.9129,HEALTHY,NONE
1898.9,11.1718,347.1109,1.4194,1.3248,HEALTHY,NONE
2033.7,13.1449,344.798,1.5732,1.4575,HEALTHY,NONE
2113.7,14.6418,352.8629,1.6757,1.5452,HEALTHY,NONE
1739.5,8.622,342.0798,1.2178,1.1482,HEALTHY,NONE
2074.9,14.1484,364.1862,1.6034,1.4995,HEALTHY,NONE
1577.4,5.8561,320.9422,1.0535,0.9919,HEALTHY,NONE
2092.5,14.2207,345.2262,1.5919,1.5401,HEALTHY,NONE
1589.2,5.9314,338.8169,1.0838,0.9943,HEALTHY,NONE
1778.1,9.0117,340.8531,1.3322,1.1626,HEALTHY,NONE
2058.1,13.6574,348.5639,1.5491,1.4844,HEALTHY,NONE
1604.9,6.3736,332.9203,1.0933,0.9879,HEALTHY,NONE
1660.5,7.3591,319.8451,1.167,1.0341,HEALTHY,NONE
2005.6,12.7163,350.2957,1.5314,1.4361,HEALTHY,NONE
2004.0,13.0354,351.8404,1.525,1.4165,HEALTHY,NONE
1948.8,11.8724,352.0615,1.4413,1.3804,HEALTHY,NONE
1985.8,12.5112,344.2187,1.5121,1.386,HEALTHY,NONE
1879.9,10.6801,344.4238,1.3773,1.3269,HEALTHY,NONE
1676.3,7.1152,329.1858,1.1276,1.0534,HEALTHY,NONE
1742.0,8.6808,338.3763,1.2666,1.1471,HEALTHY,NONE
1627.1,6.7898,326.8792,1.1372,1.0339,HEALTHY,NONE
2135.9,14.9152,354.7553,1.6715,1.559,HEALTHY,NONE
1908.4,11.2653,340.4396,1.428,1.3404,HEALTHY,NONE
1780.6,9.2538,342.2855,1.3061,1.1601,HEALTHY,NONE
1823.4,9.6385,345.4625,1.3356,1.2602,HEALTHY,NONE
2163.1,15.0,356.9818,1.718,1.6002,HEALTHY,NONE
1607.3,6.4768,330.5585,1.0906,0.9846,HEALTHY,NONE
1910.4,11.0995,338.2751,1.4518,1.3196,HEALTHY,NONE
1854.1,10.4167,341.2077,1.3709,1.2807,HEALTHY,NONE
1928.0,11.3714,346.1499,1.4486,1.333,HEALTHY,NONE
1512.7,4.8873,338.7378,0.9684,0.8788,HEALTHY,NONE
2110.5,14.5383,349.9645,1.6486,1.5384,HEALTHY,NONE
2152.5,14.9846,364.945,1.6718,1.5649,HEALTHY,NONE
1895.6,11.2221,349.764,1.3967,1.3459,HEALTHY,NONE
1987.7,12.435,350.786,1.4931,1.3981,HEALTHY,NONE
2145.7,14.9958,366.0806,1.6598,1.5977,HEALTHY,NONE
1995.1,12.6959,351.6139,1.56,1.4217,HEALTHY,NONE
1606.8,6.5207,332.2847,1.1226,0.9762,HEALTHY,NONE
1903.4,11.022,344.9045,1.4564,1.3179,HEALTHY,NONE
1924.7,11.5302,352.3529,1.4166,1.3568,HEALTHY,NONE
1796.9,9.5058,345.3269,1.3038,1.1986,HEALTHY,NONE
2015.5,13.1024,347.6472,1.5138,1.4636,HEALTHY,NONE
2154.1,15.0,351.1066,1.6762,1.6105,HEALTHY,NONE
2147.9,15.0,356.38,1.6651,1.6018,HEALTHY,NONE
1815.6,9.6215,336.7792,1.3474,1.2134,HEALTHY,NONE
1579.3,5.9137,328.6457,1.0581,0.9445,HEALTHY,NONE
2189.4,15.0,365.6566,1.7498,1.6162,HEALTHY,NONE
2087.2,13.727,352.0749,1.6296,1.5215,HEALTHY,NONE
1587.3,6.0964,329.1491,1.1208,0.9857,HEALTHY,NONE
2144.6,15.0,357.5196,1.6503,1.5364,HEALTHY,NONE
2108.9,14.1638,359.6885,1.6663,1.541,HEALTHY,NONE
1863.2,10.3686,331.9249,1.3972,1.2775,HEALTHY,NONE
1913.9,11.438,342.6611,1.4099,1.3238,HEALTHY,NONE
1779.3,9.4639,340.0215,1.3034,1.2091,HEALTHY,NONE
1538.3,5.2379,332.9171,1.0283,0.9301,HEALTHY,NONE
1734.6,8.3194,334.2724,1.2302,1.161,HEALTHY,NONE
2062.0,13.7273,343.7171,1.5737,1.4858,HEALTHY,NONE
1503.2,4.8701,328.2607,0.9691,0.9023,HEALTHY,NONE
1733.4,8.3124,333.4957,1.2745,1.1662,HEALTHY,NONE
1778.7,9.0259,332.9876,1.2826,1.2088,HEALTHY,NONE
1876.2,10.659,340.6871,1.4041,1.2666,HEALTHY,NONE
2143.9,14.9442,356.2723,1.6633,1.574,HEALTHY,NONE
1742.4,8.574,334.0984,1.2276,1.1363,HEALTHY,NONE
1742.9,8.8062,326.1155,1.2653,1.1535,HEALTHY,NONE
2016.3,13.0589,355.2979,1.5135,1.4542,HEALTHY,NONE
1816.6,9.7235,347.202,1.3154,1.2069,HEALTHY,NONE
1657.2,7.1253,336.1188,1.1514,1.0521,HEALTHY,NONE
1816.7,9.5294,335.147,1.3261,1.1835,HEALTHY,NONE
1598.6,6.3478,328.9225,1.0835,1.0159,HEALTHY,NONE
1623.5,6.6083,331.1409,1.122,1.0038,HEALTHY,NONE
1848.9,10.2599,345.4368,1.3726,1.2599,HEALTHY,NONE
1793.2,9.8612,343.0041,1.3131,1.1922,HEALTHY,NONE
2140.4,15.0,353.3487,1.6556,1.5982,HEALTHY,NONE
1753.7,8.6256,338.0938,1.2497,1.0987,HEALTHY,NONE
1906.4,11.1594,347.607,1.4451,1.3209,HEALTHY,NONE
1942.6,11.9842,354.4084,1.4784,1.3584,HEALTHY,NONE
1509.2,4.7772,328.9808,0.9625,0.8809,HEALTHY,NONE
1964.5,11.9523,352.1691,1.4913,1.4188,HEALTHY,NONE
1624.6,6.7766,331.6504,1.0757,0.9976,HEALTHY,NONE
2172.7,15.0,365.6898,1.7114,1.6258,HEALTHY,NONE
1604.1,6.5852,332.252,1.1309,1.0001,HEALTHY,NONE
1790.2,9.4952,335.2064,1.2762,1.2203,HEALTHY,NONE
1559.7,5.5161,335.0041,1.0282,0.9315,HEALTHY,NONE
2197.8,15.0,363.3801,1.7529,1.623,HEALTHY,NONE
1851.5,10.3407,340.3616,1.3308,1.2836,HEALTHY,NONE
1916.8,11.5198,343.441,1.4198,1.341,HEALTHY,NONE
1547.0,5.4477,328.8306,1.0429,0.9001,HEALTHY,NONE
2025.0,13.0254,353.5645,1.5373,1.4392,HEALTHY,NONE
1646.9,6.9052,333.3332,1.1348,1.0473,HEALTHY,NONE
2128.6,14.9934,357.9884,1.6774,1.5793,HEALTHY,NONE
1643.6,6.8972,340.6797,1.1443,1.0223,HEALTHY,NONE
1633.5,6.7223,337.0318,1.1303,0.9666,HEALTHY,NONE
1525.6,4.8841,327.2324,1.001,0.9182,HEALTHY,NONE
1830.4,10.051,346.2289,1.3462,1.2144,HEALTHY,NONE
1895.4,11.3534,339.6068,1.4068,1.2689,HEALTHY,NONE
1546.0,5.1993,329.2894,1.0391,0.8733,HEALTHY,NONE
2042.9,13.4471,361.19,1.5595,1.4857,HEALTHY,NONE
1817.3,9.9854,339.7749,1.3208,1.2271,HEALTHY,NONE
1867.1,10.5714,339.1155,1.3587,1.274,HEALTHY,NONE
1808.5,9.6988,337.1663,1.3143,1.2428,HEALTHY,NONE
1780.5,9.016,333.5785,1.2684,1.1973,HEALTHY,NONE
1891.7,11.049,340.6636,1.383,1.3377,HEALTHY,NONE
1608.7,6.3511,328.5809,1.1032,0.9701,HEALTHY,NONE
1627.3,6.8309,324.3396,1.1225,1.0176,HEALTHY,NONE
2103.2,14.604,355.2406,1.6506,1.5026,HEALTHY,NONE
2162.3,15.0,362.6254,1.6904,1.5945,HEALTHY,NONE
1761.3,8.9496,333.527,1.2719,1.1587,HEALTHY,NONE
1689.5,7.7435,342.0725,1.1968,1.0983,HEALTHY,NONE
1950.8,11.9747,350.0939,1.4783,1.3704,HEALTHY,NONE
1786.1,9.2132,344.4586,1.2741,1.2031,HEALTHY,NONE
1517.8,4.951,322.5993,1.0023,0.9134,HEALTHY,NONE
1609.3,6.3452,334.738,1.106,1.0418,HEALTHY,NONE
2001.2,12.7905,344.5994,1.5243,1.4178,HEALTHY,NONE
1961.2,12.3132,352.5136,1.4391,1.362,HEALTHY,NONE
1519.0,4.7687,326.8076,1.0038,0.9055,HEALTHY,NONE
1655.4,7.3101,335.5353,1.1929,1.0327,HEALTHY,NONE
1661.8,7.4404,327.2096,1.1484,1.0853,HEALTHY,NONE
1970.3,12.2455,344.0409,1.4761,1.385,HEALTHY,NONE
1513.8,4.5173,328.676,1.0024,0.8837,HEALTHY,NONE
1572.9,5.7056,323.9021,1.0654,0.9497,HEALTHY,NONE
2059.9,13.9158,355.3131,1.6118,1.5023,HEALTHY,NONE
1625.0,6.6411,324.4134,1.0905,1.0125,HEALTHY,NONE
1956.9,11.8953,352.087,1.4907,1.3633,HEALTHY,NONE
1666.7,7.248,327.1738,1.1728,1.0943,HEALTHY,NONE
1569.6,5.8697,331.2419,1.0527,0.9385,HEALTHY,NONE
1670.2,7.4626,336.6392,1.1716,1.0655,HEALTHY,NONE
2005.6,12.8011,346.7955,1.5495,1.442,HEALTHY,NONE
2099.0,14.3015,357.8595,1.6478,1.4977,HEALTHY,NONE
2081.2,14.0076,355.3599,1.5881,1.5206,HEALTHY,NONE
1778.0,8.9962,336.2072,1.2983,1.1608,HEALTHY,NONE
1967.7,12.4622,343.3402,1.4865,1.4042,HEALTHY,NONE
1643.5,6.8973,322.3613,1.1372,1.0165,HEALTHY,NONE
1705.2,8.1323,337.0084,1.2043,1.1166,HEALTHY,NONE
2127.4,15.0,348.5477,1.6582,1.5833,HEALTHY,NONE
1509.1,4.9089,325.9318,1.0137,0.9071,HEALTHY,NONE
1559.9,5.5202,326.6756,1.0433,0.95,HEALTHY,NONE
1645.5,7.0393,335.6717,1.1156,1.0334,HEALTHY,NONE
1518.6,4.9097,324.4184,0.9923,0.8886,HEALTHY,NONE
1627.0,6.5419,329.703,1.1215,1.0473,HEALTHY,NONE
1908.1,11.3,349.0658,1.4477,1.3091,HEALTHY,NONE
1795.0,9.2338,341.4251,1.3123,1.1795,HEALTHY,NONE
2124.9,14.9558,357.8243,1.6414,1.5717,HEALTHY,NONE
2072.2,13.8512,355.9569,1.651,1.4853,HEALTHY,NONE
1739.3,8.5342,329.2857,1.2451,1.1208,HEALTHY,NONE
1681.6,7.6081,337.8638,1.2027,1.0483,HEALTHY,NONE
1765.8,8.8966,341.3516,1.2655,1.1589,HEALTHY,NONE
1913.2,11.4219,340.5769,1.4393,1.327,HEALTHY,NONE
1687.6,7.5928,333.1618,1.2005,1.0886,HEALTHY,NONE
1936.9,11.8502,346.6487,1.4787,1.3734,HEALTHY,NONE
1786.6,9.072,338.6569,1.3123,1.2017,HEALTHY,NONE
1886.4,10.9173,345.991,1.417,1.2957,HEALTHY,NONE
1805.3,9.8689,347.4213,1.3052,1.2075,HEALTHY,NONE
1706.1,7.8147,340.7151,1.1924,1.114,HEALTHY,NONE
2163.9,15.0,351.6348,1.7075,1.6263,HEALTHY,NONE
2034.5,13.3848,354.8366,1.579,1.4629,HEALTHY,NONE
1598.1,6.2338,336.5486,1.082,0.9771,HEALTHY,NONE
2107.9,14.5546,357.3304,1.6613,1.5202,HEALTHY,NONE
1841.2,10.2358,347.515,1.3795,1.2215,HEALTHY,NONE
2126.2,14.8943,366.3707,1.6415,1.5732,HEALTHY,NONE
2059.9,13.887,358.1135,1.5712,1.4994,HEALTHY,NONE
1797.6,9.5153,341.129,1.3004,1.2147,HEALTHY,NONE
1515.7,4.8308,331.0119,1.0032,0.8945,HEALTHY,NONE
1688.1,7.7719,335.1281,1.1737,1.1123,HEALTHY,NONE
1879.1,11.0647,344.0767,1.4187,1.282,HEALTHY,NONE
1943.4,11.8058,345.4147,1.4699,1.3805,HEALTHY,NONE
1680.5,7.402,341.8431,1.1768,1.0752,HEALTHY,NONE
1597.5,6.3643,325.7853,1.0572,0.9737,HEALTHY,NONE
2084.5,14.102,361.8844,1.5882,1.5264,HEALTHY,NONE
2189.1,15.0,361.9534,1.7338,1.6363,HEALTHY,NONE
1868.0,10.7253,336.4026,1.3369,1.2867,HEALTHY,NONE
1620.2,6.486,332.847,1.1307,1.0121,HEALTHY,NONE
1690.6,7.6988,324.0306,1.1838,1.0862,HEALTHY,NONE
1512.9,4.8704,328.7712,1.0588,0.9417,HEALTHY,NONE
2140.0,15.0,361.4266,1.721,1.5986,HEALTHY,NONE
1582.4,6.0586,326.1595,1.0659,0.9839,HEALTHY,NONE
1903.6,11.1117,345.7958,1.416,1.3204,HEALTHY,NONE
1691.8,7.8093,344.3627,1.2082,1.1084,HEALTHY,NONE
1887.9,10.8837,341.8675,1.4352,1.3115,HEALTHY,NONE
1956.0,12.1409,342.5052,1.4423,1.3756,HEALTHY,NONE
2080.8,14.1533,361.4493,1.5749,1.5045,HEALTHY,NONE
1644.5,6.8217,342.0377,1.1244,1.0353,HEALTHY,NONE
1507.7,4.8992,325.4033,1.0,0.8249,HEALTHY,NONE
1595.8,6.0897,334.8483,1.094,0.9882,HEALTHY,NONE
2130.0,14.9825,363.208,1.6854,1.5542,HEALTHY,NONE
2111.7,14.6188,351.8737,1.6202,1.576,HEALTHY,NONE
1918.2,11.6907,343.4829,1.3877,1.3344,HEALTHY,NONE
1920.4,11.4168,352.1725,1.4536,1.3126,HEALTHY,NONE
1965.5,12.1327,356.7014,1.4689,1.3844,HEALTHY,NONE
1622.8,6.6055,333.9524,1.0729,0.9924,HEALTHY,NONE
2140.1,14.9798,352.6053,1.6779,1.5844,HEALTHY,NONE
1793.1,9.5004,349.5923,1.3141,1.2041,HEALTHY,NONE
1768.2,8.7322,335.755,1.2687,1.1903,HEALTHY,NONE
1863.2,10.363,341.4864,1.3652,1.2586,HEALTHY,NONE
1532.9,4.9858,328.3555,1.0125,0.9164,HEALTHY,NONE
1616.4,6.6474,338.5907,1.099,0.9791,HEALTHY,NONE
2016.6,13.2731,355.1011,1.5139,1.4549,HEALTHY,NONE
1558.0,5.5384,329.9723,1.0286,0.9533,HEALTHY,NONE
1922.2,11.455,348.4268,1.4488,1.3483,HEALTHY,NONE
1671.7,7.4159,333.8048,1.1729,1.0665,HEALTHY,NONE
1772.5,9.219,341.416,1.2792,1.1842,HEALTHY,NONE
1702.1,7.7599,322.4565,1.1795,1.1315,HEALTHY,NONE
1749.0,8.6976,335.9655,1.2467,1.1446,HEALTHY,NONE
2003.3,12.9465,351.3732,1.4829,1.4292,HEALTHY,NONE
1708.0,8.0702,329.6442,1.2094,1.0841,HEALTHY,NONE
1896.5,11.0903,346.7558,1.439,1.2931,HEALTHY,NONE
1833.2,10.183,340.6394,1.3123,1.2438,HEALTHY,NONE
1964.6,11.7641,357.0059,1.4727,1.4065,HEALTHY,NONE
2155.8,15.0,365.6541,1.6986,1.5869,HEALTHY,NONE
2012.8,12.8562,348.311,1.5618,1.432,HEALTHY,NONE
1650.5,6.7844,331.7687,1.1344,1.0352,HEALTHY,NONE
1521.8,5.0429,325.7217,0.9899,0.893,HEALTHY,NONE
1683.6,7.8041,331.9209,1.1399,1.0852,HEALTHY,NONE
1916.6,11.3678,346.8029,1.4343,1.3023,HEALTHY,NONE
1536.0,5.3397,323.0085,1.0599,0.9447,HEALTHY,NONE
1847.5,10.506,336.7197,1.3628,1.2439,HEALTHY,NONE
1917.8,11.6057,349.0031,1.4332,1.348,HEALTHY,NONE
1734.0,8.6638,339.8462,1.2405,1.1086,HEALTHY,NONE
2039.6,13.5023,347.9603,1.5657,1.4793,HEALTHY,NONE
1574.6,5.8365,333.2077,1.0448,0.9745,HEALTHY,NONE
1552.6,5.2266,324.4719,1.0536,0.9448,HEALTHY,NONE
2009.7,12.8675,351.7524,1.5379,1.4135,HEALTHY,NONE
1846.8,10.1277,346.4439,1.3569,1.2616,HEALTHY,NONE
1981.9,12.7769,348.926,1.4837,1.3795,HEALTHY,NONE
1804.4,9.5369,342.4927,1.3365,1.2054,HEALTHY,NONE
1672.5,7.4358,331.0419,1.1806,1.0879,HEALTHY,NONE
2073.4,14.0225,352.6862,1.5915,1.5185,HEALTHY,NONE
2059.6,13.7221,351.9503,1.6076,1.4879,HEALTHY,NONE
1986.3,12.7772,345.5815,1.498,1.3885,HEALTHY,NONE
1690.5,7.6171,333.6412,1.1712,1.0997,HEALTHY,NONE
1913.2,11.3624,337.915,1.4134,1.329,HEALTHY,NONE
1752.7,8.6108,335.1783,1.2189,1.1079,HEALTHY,NONE
1564.1,5.4561,326.781,1.059,0.9653,HEALTHY,NONE
2142.1,14.9665,355.8251,1.6405,1.5767,HEALTHY,NONE
1595.8,6.1638,328.5812,1.0594,1.008,HEALTHY,NONE
2165.2,15.0,357.9495,1.6607,1.5803,HEALTHY,NONE
1812.2,9.5868,343.0074,1.3172,1.1554,HEALTHY,NONE
